{"cameraMode":{"drawMode":0,"name":"Shaded","section":"Shading Mode"},"sceneLighting":false,"audioPlay":false,"sceneViewState":{"showFog":true,"showMaterialUpdate":true,"showSkybox":true,"showFlares":true,"showImageEffects":true,"showParticleSystems":true},"in2DMode":false,"pivot":{"x":1.2000000476837159,"y":-6.079999923706055,"z":0.0},"rotation":{"x":-0.022807657718658448,"y":-0.0039016876835376026,"z":0.00008920799882616848,"w":-0.999732255935669},"size":2.815974235534668,"orthographic":false}