{"cameraMode":{"drawMode":0,"name":"Shaded","section":"Shading Mode"},"sceneLighting":false,"audioPlay":false,"sceneViewState":{"showFog":true,"showMaterialUpdate":true,"showSkybox":true,"showFlares":true,"showImageEffects":true,"showParticleSystems":true},"in2DMode":false,"pivot":{"x":540.041015625,"y":849.5574951171875,"z":4.7270965576171879},"rotation":{"x":0.004190180450677872,"y":-0.0039026346057653429,"z":-0.000016109925127238967,"w":-0.9999836087226868},"size":2372.0380859375,"orthographic":false}