{"cameraMode":{"drawMode":0,"name":"Shaded","section":"Shading Mode"},"sceneLighting":false,"audioPlay":false,"sceneViewState":{"showFog":true,"showMaterialUpdate":true,"showSkybox":true,"showFlares":true,"showImageEffects":true,"showParticleSystems":true},"in2DMode":false,"pivot":{"x":584.8150634765625,"y":1145.2301025390625,"z":1.900984525680542},"rotation":{"x":0.004190180450677872,"y":-0.0039026346057653429,"z":-0.000016109925127238967,"w":-0.9999836087226868},"size":22.0,"orthographic":false}